nombre_cientifico,nombre_comun,precio_cop_m3_en_pie,fuente,fecha
Eucalyptus camaldulensis,Eucalipto,300000,FGR-06 Firavitoba Occidente T123 (valor usado por Unergy),2026-05
Eucalyptus globulus,Eucalipto blanco,,,
Eucalyptus grandis,Eucalipto grandis,,,
Eucalyptus saligna,Eucalipto saligna,,,
Eucalyptus sp,Eucalipto,300000,Mismo valor de E. camaldulensis (respaldo por género),2026-05
Pinus patula,Pino pátula,,,
Pinus radiata,Pino radiata,,,
Pinus oocarpa,Pino oocarpa,,,
Pinus caribaea,Pino caribe,,,
Pinus sp,Pino,590000,FGR-06 Firavitoba Occidente T123 (valor usado por Unergy),2026-05
Cupressus lusitanica,Ciprés,,,
Acacia melanoxylon,Acacia negra,,,
Acacia decurrens,Acacia gris,,,
Acacia mangium,Acacia mangium,,,
Alnus acuminata,Aliso,650000,FGR-06 Firavitoba Occidente T123 (valor usado por Unergy),2026-05
Fraxinus uhdei,Urapán,,,
Sambucus nigra,Sauco,,,
Salix humboldtiana,Sauce,,,
Tecoma stans,Chicalá,,,
Schinus molle,Falso pimiento,,,
Croton magdalenensis,Drago,,,
Cordia alliodora,Nogal cafetero,,,
Tectona grandis,Teca,,,
Gmelina arborea,Melina,,,
Tabebuia rosea,Ocobo / Roble morado,,,
Handroanthus chrysanthus,Guayacán amarillo,,,
Samanea saman,Samán,,,
Ceiba pentandra,Ceiba,,,
Anacardium excelsum,Caracolí,,,
Enterolobium cyclocarpum,Orejero,,,
Pseudosamanea guachapele,Igua,,,
Guazuma ulmifolia,Guácimo,,,
Gliricidia sepium,Matarratón,,,
Hura crepitans,Ceiba blanca / Tronador,,,
Albizia niopoides,Guacamayo,,,
Prosopis juliflora,Trupillo,,,
Azadirachta indica,Nim,,,
Mangifera indica,Mango,,,
Cedrela odorata,Cedro,,,
Cedrela montana,Cedro de montaña,,,
Quercus humboldtii,Roble andino (veda nacional),,,
Juglans neotropica,Nogal (veda nacional),,,
