nombre_aceptado,sinonimo
Cupressus lusitanica,Hesperocyparis lusitanica
Cupressus lusitanica,Callitropsis lusitanica
Cupressus lusitanica,Cupressus lindleyi
Pinus maximinoi,Pinus tenuifolia
Pinus kesiya,Pinus insularis
Pinus kesiya,Pinus khasya
Eucalyptus camaldulensis,Eucalyptus rostrata
Corymbia citriodora,Eucalyptus citriodora
Fraxinus uhdei,Fraxinus udhei
Fraxinus uhdei,Fraxinus americana var. uhdei
Acacia mearnsii,Acacia decurrens var. mollis
Salix humboldtiana,Salix chilensis
Sambucus nigra,Sambucus peruviana
Sambucus nigra,Sambucus nigra subsp. peruviana
Azadirachta indica,Melia azadirachta
Leucaena leucocephala,Leucaena glauca
Neltuma juliflora,Prosopis juliflora
Handroanthus chrysanthus,Tabebuia chrysantha
Handroanthus serratifolius,Tabebuia serratifolia
Handroanthus billbergii,Tabebuia billbergii
Tabebuia rosea,Tabebuia pentaphylla
Pachira quinata,Bombacopsis quinata
Samanea saman,Albizia saman
Samanea saman,Pithecellobium saman
Pseudosamanea guachapele,Albizia guachapele
Cedrela odorata,Cedrela mexicana
Retrophyllum rospigliosii,Podocarpus rospigliosii
Retrophyllum rospigliosii,Decussocarpus rospigliosii
Prumnopitys montana,Podocarpus montanus
Juglans neotropica,Juglans colombiensis
Quercus humboldtii,Quercus lindenii
Quercus humboldtii,Quercus tolimensis
Alnus acuminata,Alnus jorullensis
Myrsine coriacea,Rapanea ferruginea
Ochroma pyramidale,Ochroma lagopus
Dipteryx oleifera,Dipteryx panamensis
Platymiscium pinnatum,Platymiscium polystachyum
Plectrocarpa arborea,Bulnesia arborea
Libidibia coriaria,Caesalpinia coriaria
Tara spinosa,Caesalpinia spinosa
Vachellia farnesiana,Acacia farnesiana
Erythrina fusca,Erythrina glauca
Lafoensia acuminata,Lafoensia speciosa
Tecoma stans,Bignonia stans
Maclura tinctoria,Chlorophora tinctoria
Pseudobombax septenatum,Bombax septenatum
